[
  {
    "id": "ad0f4b71-5b2e-4d1c-b687-a5e55727ab96",
    "data": [
      {
        "text": "Start a new order, please",
        "userDefined": false
      }
    ],
    "isTemplate": false,
    "count": 0,
    "lang": "en",
    "updated": 0
  },
  {
    "id": "749b7486-9ee0-44e3-bf78-cd1cdcdebd18",
    "data": [
      {
        "text": "Order food now.",
        "userDefined": false
      }
    ],
    "isTemplate": false,
    "count": 0,
    "lang": "en",
    "updated": 0
  },
  {
    "id": "f7a63aca-8db1-4ad3-9956-bf2a46f15586",
    "data": [
      {
        "text": "Can I place a new food order?",
        "userDefined": false
      }
    ],
    "isTemplate": false,
    "count": 0,
    "lang": "en",
    "updated": 0
  },
  {
    "id": "0c899473-fa3d-4db9-b97a-7f268e6e8ea1",
    "data": [
      {
        "text": "I\u0027d like to make a new order.",
        "userDefined": false
      }
    ],
    "isTemplate": false,
    "count": 0,
    "lang": "en",
    "updated": 0
  },
  {
    "id": "c6b79ea2-1b4b-4445-8f39-5e73980fc875",
    "data": [
      {
        "text": "I want to order food.",
        "userDefined": false
      }
    ],
    "isTemplate": false,
    "count": 0,
    "lang": "en",
    "updated": 0
  },
  {
    "id": "65f7b53a-855b-4007-9097-f49cded0c311",
    "data": [
      {
        "text": "i want to order",
        "userDefined": false
      }
    ],
    "isTemplate": false,
    "count": 0,
    "lang": "en",
    "updated": 0
  },
  {
    "id": "572d82d0-daba-48c5-8692-56088af510bb",
    "data": [
      {
        "text": "place a new order",
        "userDefined": false
      }
    ],
    "isTemplate": false,
    "count": 0,
    "lang": "en",
    "updated": 0
  },
  {
    "id": "b57c85bb-aba9-4768-a305-7e76e9e67ded",
    "data": [
      {
        "text": "new order",
        "userDefined": false
      }
    ],
    "isTemplate": false,
    "count": 0,
    "lang": "en",
    "updated": 0
  }
]