[
  {
    "id": "7a127809-a077-4ea7-bc4e-92a15240f241",
    "data": [
      {
        "text": "That\u0027s it",
        "userDefined": false
      }
    ],
    "isTemplate": false,
    "count": 0,
    "lang": "en",
    "updated": 0
  },
  {
    "id": "6557cdb5-d918-487d-96c3-159b3a39ac5f",
    "data": [
      {
        "text": "Done",
        "userDefined": false
      }
    ],
    "isTemplate": false,
    "count": 0,
    "lang": "en",
    "updated": 0
  },
  {
    "id": "4ac54c31-e1fc-4d64-8a34-e8e0714b1101",
    "data": [
      {
        "text": "Place an order",
        "userDefined": false
      }
    ],
    "isTemplate": false,
    "count": 0,
    "lang": "en",
    "updated": 0
  },
  {
    "id": "2e29a31f-ecd8-49d1-92d1-2a579308698a",
    "data": [
      {
        "text": "Done ordering it",
        "userDefined": false
      }
    ],
    "isTemplate": false,
    "count": 0,
    "lang": "en",
    "updated": 0
  },
  {
    "id": "1fe41cdb-67a1-444f-9c8c-b2dc0d1704bb",
    "data": [
      {
        "text": "That\u0027s all I needed",
        "userDefined": false
      }
    ],
    "isTemplate": false,
    "count": 0,
    "lang": "en",
    "updated": 0
  },
  {
    "id": "cda90fc3-656d-4815-ba97-c9bb3f7d31f8",
    "data": [
      {
        "text": "Nope",
        "userDefined": false
      }
    ],
    "isTemplate": false,
    "count": 0,
    "lang": "en",
    "updated": 0
  }
]