[
  {
    "id": "c9e341d2-bf62-448d-a8bc-5582b728a148",
    "data": [
      {
        "text": "123",
        "meta": "@sys.number",
        "alias": "number",
        "userDefined": false
      }
    ],
    "isTemplate": false,
    "count": 0,
    "lang": "en",
    "updated": 0
  },
  {
    "id": "27e21008-d833-4a0b-902a-3fc006b41170",
    "data": [
      {
        "text": "345",
        "meta": "@sys.number",
        "alias": "number",
        "userDefined": false
      }
    ],
    "isTemplate": false,
    "count": 0,
    "lang": "en",
    "updated": 0
  },
  {
    "id": "d7a061e3-e1c8-41bc-9e11-ffd2b08d105a",
    "data": [
      {
        "text": "7890",
        "meta": "@sys.number",
        "alias": "number",
        "userDefined": false
      }
    ],
    "isTemplate": false,
    "count": 0,
    "lang": "en",
    "updated": 0
  },
  {
    "id": "e005ec67-cb71-4095-bd50-c7936a639a2a",
    "data": [
      {
        "text": "here is my order id # ",
        "userDefined": false
      },
      {
        "text": "341",
        "meta": "@sys.number",
        "alias": "number",
        "userDefined": false
      }
    ],
    "isTemplate": false,
    "count": 0,
    "lang": "en",
    "updated": 0
  },
  {
    "id": "3997024a-6a4a-4add-bcba-bbe83af7a572",
    "data": [
      {
        "text": "id is ",
        "userDefined": false
      },
      {
        "text": "453",
        "meta": "@sys.number",
        "alias": "number",
        "userDefined": false
      }
    ],
    "isTemplate": false,
    "count": 0,
    "lang": "en",
    "updated": 0
  },
  {
    "id": "636883b6-096e-4f7c-a605-6d0c7db54658",
    "data": [
      {
        "text": "here is my order number ",
        "userDefined": false
      },
      {
        "text": "675",
        "meta": "@sys.number",
        "alias": "number",
        "userDefined": false
      }
    ],
    "isTemplate": false,
    "count": 0,
    "lang": "en",
    "updated": 0
  },
  {
    "id": "65c40437-a76e-4e75-b572-e8972f96db37",
    "data": [
      {
        "text": "here you go: ",
        "userDefined": false
      },
      {
        "text": "123",
        "meta": "@sys.number",
        "alias": "number",
        "userDefined": false
      }
    ],
    "isTemplate": false,
    "count": 0,
    "lang": "en",
    "updated": 0
  },
  {
    "id": "be00f126-1a85-4b72-b993-1c147df0031d",
    "data": [
      {
        "text": "here it is - ",
        "userDefined": false
      },
      {
        "text": "63321",
        "meta": "@sys.number",
        "alias": "number",
        "userDefined": false
      }
    ],
    "isTemplate": false,
    "count": 0,
    "lang": "en",
    "updated": 0
  },
  {
    "id": "00bcdbb2-d64f-49e3-a635-bcd3fbe0af9c",
    "data": [
      {
        "text": "how about ",
        "userDefined": false
      },
      {
        "text": "40",
        "meta": "@sys.number",
        "alias": "number",
        "userDefined": false
      },
      {
        "text": "?",
        "userDefined": false
      }
    ],
    "isTemplate": false,
    "count": 0,
    "lang": "en",
    "updated": 0
  },
  {
    "id": "1cda1ed1-17bf-46a2-a7a0-4d6ffef8f991",
    "data": [
      {
        "text": "how about ",
        "userDefined": false
      },
      {
        "text": "32",
        "meta": "@sys.number",
        "alias": "number",
        "userDefined": false
      }
    ],
    "isTemplate": false,
    "count": 0,
    "lang": "en",
    "updated": 0
  }
]