[
  {
    "id": "cabb8c72-63e1-4883-970c-e6307990e153",
    "data": [
      {
        "text": "Where\u0027s my order?",
        "userDefined": false
      }
    ],
    "isTemplate": false,
    "count": 0,
    "lang": "en",
    "updated": 0
  },
  {
    "id": "0e6a420e-dfac-4c08-ba04-00f13bd3eed3",
    "data": [
      {
        "text": "Monitor my order",
        "userDefined": false
      }
    ],
    "isTemplate": false,
    "count": 0,
    "lang": "en",
    "updated": 0
  },
  {
    "id": "1e81178c-672e-44d7-8747-980e31857847",
    "data": [
      {
        "text": "Track my food",
        "userDefined": false
      }
    ],
    "isTemplate": false,
    "count": 0,
    "lang": "en",
    "updated": 0
  },
  {
    "id": "8148aa0a-c788-48cc-9d7a-2a2099495c5f",
    "data": [
      {
        "text": "Follow my delivery",
        "userDefined": false
      }
    ],
    "isTemplate": false,
    "count": 0,
    "lang": "en",
    "updated": 0
  },
  {
    "id": "26b92b54-9854-4a1f-8d61-5658512f2881",
    "data": [
      {
        "text": "Check my order status",
        "userDefined": false
      }
    ],
    "isTemplate": false,
    "count": 0,
    "lang": "en",
    "updated": 0
  },
  {
    "id": "04f1be60-5f1c-43cd-8f26-9338df43865e",
    "data": [
      {
        "text": "track order",
        "userDefined": false
      }
    ],
    "isTemplate": false,
    "count": 0,
    "lang": "en",
    "updated": 0
  },
  {
    "id": "3f168262-617c-45d6-a04b-94169e1b6c99",
    "data": [
      {
        "text": "track existing order",
        "userDefined": false
      }
    ],
    "isTemplate": false,
    "count": 0,
    "lang": "en",
    "updated": 0
  },
  {
    "id": "6c994706-e6e1-419f-8823-e57222980216",
    "data": [
      {
        "text": "check the status of my order",
        "userDefined": false
      }
    ],
    "isTemplate": false,
    "count": 0,
    "lang": "en",
    "updated": 0
  }
]