[
  {
    "value": "Pav Bhaji",
    "synonyms": [
      "Pav Bhaji",
      "Bhaji pav",
      "Mumbai Pav Bhaji"
    ]
  },
  {
    "value": "Chole Bhature",
    "synonyms": [
      "Chole Bhature",
      "chole",
      "Chhole Puri",
      "puri chhole"
    ]
  },
  {
    "value": "Pizza",
    "synonyms": [
      "Pizza",
      "pizzas",
      "cheese pizza"
    ]
  },
  {
    "value": "Mango Lassi",
    "synonyms": [
      "Mango Lassi",
      "aam lassi",
      "mango lasi",
      "mango yogurt drink"
    ]
  },
  {
    "value": "Masala Dosa",
    "synonyms": [
      "Masala Dosa",
      "Dosa",
      "Masale Dosa"
    ]
  },
  {
    "value": "Vegetable Biryani",
    "synonyms": [
      "Vegetable Biryani",
      "Biryani",
      "Vegetable Rice"
    ]
  },
  {
    "value": "Vada Pav",
    "synonyms": [
      "Vada Pav",
      "pav vada",
      "batata vada pav",
      "wada pao"
    ]
  },
  {
    "value": "Rava Dosa",
    "synonyms": [
      "Rava Dosa",
      "sooji dosa",
      "Semolina Pancake",
      "Instant Rava Dosa",
      "Healthy Dosa"
    ]
  },
  {
    "value": "Samosa",
    "synonyms": [
      "Samosa",
      "Singhara",
      "Aloo Samosa"
    ]
  }
]